,name,dc_whole,dc_core,dc_enh,hd95_whole,hd95_core,hd95_enh
0,BRATS_00002.nii.gz,0.9317,0.8194,0.8649,1.0,1.0,1.0
1,BRATS_00003.nii.gz,0.928,0.8299,0.8433,1.0,1.0,1.0
2,BRATS_00006.nii.gz,0.9229,0.8428,0.8924,1.0,1.0,1.0
3,BRATS_00008.nii.gz,0.9404,0.8567,0.9157,1.0,1.0,1.0
4,BRATS_00016.nii.gz,0.6975,0.7294,0.8,3.0,3.6060000000000003,1.649
5,BRATS_00017.nii.gz,0.67,0.6632,1.0,3.9610000000000003,4.0680000000000005,0.0
6,BRATS_00170.nii.gz,0.7945,0.782,0.2857,17.04,17.053,1.4140000000000001
7,BRATS_00172.nii.gz,0.7744,0.7554,0.9412,15.652000000000001,15.652000000000001,0.28300000000000003
8,BRATS_00176.nii.gz,0.8551,0.8551,0.8941,1.619,1.619,1.0
9,BRATS_00180.nii.gz,0.8558,0.8578,0.9091,6.325,5.954,1.0
10,BRATS_00181.nii.gz,0.8653,0.8616,0.8909,6.707999999999999,6.574,1.0
11,BRATS_00338.nii.gz,0.9542,0.9539,0.9706,0.0,0.0,0.0
12,BRATS_00343.nii.gz,0.9644,0.9523,0.9474,0.0,0.0,1.0
13,BRATS_00347.nii.gz,0.9701,0.9617,0.9603,0.0,0.0,0.0
14,BRATS_00348.nii.gz,0.9726,0.9664,0.9624,0.0,0.0,0.0
15,BRATS_00351.nii.gz,0.9694,0.9626,0.9679,0.0,0.0,0.0
16,BRATS_00508.nii.gz,0.6447,0.6245,0.0,4.123,4.123,7.6160000000000005
17,BRATS_00510.nii.gz,0.8632,0.8456,0.8028,2.0,2.0,2.0
18,BRATS_00511.nii.gz,0.9178,0.8948,0.8627,1.0,1.0,1.0
19,BRATS_00516.nii.gz,0.9592,0.9038,0.9321,0.0,1.0,1.0
20,BRATS_00517.nii.gz,0.953,0.9076,0.9272,0.0,1.0,1.0
21,BRATS_00519.nii.gz,0.9506,0.891,0.9228,0.0,1.0,1.0
22,BRATS_00520.nii.gz,0.9583,0.9012,0.9098,0.0,1.0,1.0
23,BRATS_00675.nii.gz,1.0,1.0,1.0,0.0,0.0,0.0
24,BRATS_00682.nii.gz,0.7664,0.7547,1.0,1.0,1.311,0.0
25,BRATS_00684.nii.gz,0.9061,0.9061,1.0,1.0,1.0,0.0
26,BRATS_00687.nii.gz,0.9255,0.9199,0.6957,1.0,1.0,1.9
27,BRATS_00688.nii.gz,0.9056,0.905,0.7209,1.0,1.0,2.68
28,BRATS_00690.nii.gz,0.9295,0.9281,0.9216,1.0,1.0,1.0
29,BRATS_00691.nii.gz,0.9229,0.9207,0.9416,1.0,1.0,1.0
30,BRATS_00856.nii.gz,0.9539,0.9325,0.9466,0.0,1.0,1.0
31,BRATS_01014.nii.gz,0.9602,0.926,0.9527,0.0,1.0,0.0
32,BRATS_01019.nii.gz,0.9679,0.9288,0.9456,0.0,1.0,1.0
33,BRATS_01024.nii.gz,0.9665,0.9368,0.9557,0.0,1.0,0.0
34,BRATS_01176.nii.gz,0.0,0.0,1.0,373.129,373.129,0.0
35,BRATS_01180.nii.gz,0.6316,0.6316,0.6,4.211,4.211,4.605
36,BRATS_01182.nii.gz,0.7667,0.7882,0.777,1.4140000000000001,1.736,2.2359999999999998
37,BRATS_01184.nii.gz,0.8513,0.8498,0.8766,1.4140000000000001,1.0,1.0
38,BRATS_01187.nii.gz,0.9005,0.8239,0.8847,1.0,1.0,1.0
39,BRATS_01189.nii.gz,0.9268,0.8645,0.9,1.0,1.0,1.0
40,BRATS_01190.nii.gz,0.9335,0.877,0.9047,1.0,1.0,1.0
41,BRATS_01195.nii.gz,0.9442,0.8745,0.8732,1.0,1.0,1.0
42,BRATS_01344.nii.gz,0.7317,0.7291,1.0,5.0,5.0,0.0
43,BRATS_01350.nii.gz,0.9264,0.9244,0.93,1.0,1.0,1.0
44,BRATS_01518.nii.gz,0.9257,0.9267,0.5714,1.0,1.0,1.0
45,BRATS_01519.nii.gz,0.9093,0.9093,0.5833,1.0,1.0,1.0
46,BRATS_01520.nii.gz,0.9416,0.9435,0.8214,1.0,1.0,1.0
47,BRATS_01525.nii.gz,0.9524,0.9419,0.9328,0.0,1.0,1.0
48,BRATS_01680.nii.gz,1.0,1.0,1.0,0.0,0.0,0.0
49,BRATS_01681.nii.gz,1.0,1.0,1.0,0.0,0.0,0.0
50,BRATS_01688.nii.gz,1.0,1.0,1.0,0.0,0.0,0.0
51,BRATS_01689.nii.gz,0.0,0.0,1.0,373.129,373.129,0.0
52,BRATS_01695.nii.gz,0.8657,0.8788,0.84,1.0,1.0,3.55
53,BRATS_02016.nii.gz,0.9081,0.8855,0.9514,1.0,1.0,0.0
54,BRATS_02020.nii.gz,0.9393,0.9291,0.9574,1.0,1.0,0.0
55,BRATS_02021.nii.gz,0.9401,0.9228,0.969,1.0,1.0,0.0
56,BRATS_02024.nii.gz,0.9599,0.9446,0.9555,0.0,1.0,0.0
57,BRATS_02025.nii.gz,0.9622,0.9494,0.9702,0.0,1.0,0.0
58,BRATS_02026.nii.gz,0.9656,0.9542,0.9774,0.0,0.0,0.0
59,BRATS_02027.nii.gz,0.9625,0.9456,0.9752,0.0,1.0,0.0
60,BRATS_02033.nii.gz,0.9723,0.965,0.9586,0.0,0.0,0.0
61,BRATS_02184.nii.gz,1.0,1.0,1.0,0.0,0.0,0.0
62,BRATS_02189.nii.gz,0.8485,0.8485,1.0,1.0,1.0,0.0
63,BRATS_02196.nii.gz,0.8801,0.8381,0.878,1.4140000000000001,2.2359999999999998,1.0
64,BRATS_02201.nii.gz,0.9233,0.8657,0.8144,1.0,1.0,1.0
65,BRATS_02202.nii.gz,0.9291,0.8799,0.8421,1.0,1.0,1.0
66,BRATS_02356.nii.gz,1.0,1.0,1.0,0.0,0.0,0.0
67,BRATS_02370.nii.gz,0.9121,0.915,1.0,1.0,1.0,0.0
68,BRATS_02520.nii.gz,1.0,1.0,1.0,0.0,0.0,0.0
69,BRATS_02523.nii.gz,0.7556,0.7727,1.0,1.0,1.0,0.0
70,BRATS_02530.nii.gz,0.8301,0.8301,1.0,1.0,1.0,0.0
71,BRATS_02533.nii.gz,0.8651,0.8662,1.0,1.0,1.0,0.0
72,BRATS_02534.nii.gz,0.7304,0.7328,0.6111,2.8280000000000003,2.2359999999999998,8.25
73,BRATS_02537.nii.gz,0.938,0.9316,0.941,1.0,1.0,1.0
74,BRATS_02689.nii.gz,0.946,0.9309,0.9602,1.0,1.0,0.0
75,BRATS_02699.nii.gz,0.9493,0.939,0.9257,1.0,1.0,1.0
76,BRATS_02703.nii.gz,0.9343,0.9288,0.9423,1.0,1.0,1.0
77,BRATS_02704.nii.gz,0.9293,0.9213,0.9109,1.0,1.0,1.0
78,BRATS_02706.nii.gz,0.9187,0.9148,0.9249,1.0,1.0,1.0
79,BRATS_02875.nii.gz,0.2162,0.2162,1.0,8.51,8.51,0.0
80,BRATS_03034.nii.gz,0.9424,0.9301,0.9634,1.0,1.0,0.0
81,BRATS_03036.nii.gz,0.9326,0.9197,0.9622,1.0,1.0,0.0
82,BRATS_03038.nii.gz,0.9433,0.9309,0.9635,1.0,1.0,0.0
83,BRATS_03193.nii.gz,0.5263,0.5263,0.55,4.147,4.147,4.254
84,BRATS_03195.nii.gz,0.7823,0.7854,0.8707,2.0,2.0,1.0
85,BRATS_03198.nii.gz,0.9371,0.7664,0.7463,1.0,2.0,2.2359999999999998
86,BRATS_03201.nii.gz,0.9559,0.8864,0.9231,0.0,1.0,1.0
87,BRATS_03202.nii.gz,0.9463,0.8737,0.9012,1.0,1.0,1.0
88,BRATS_03203.nii.gz,0.952,0.8733,0.8602,0.0,1.0,1.0
89,BRATS_03204.nii.gz,0.9615,0.9022,0.8852,0.0,1.0,1.0
90,BRATS_03206.nii.gz,0.975,0.9226,0.9153,0.0,1.0,1.0
91,BRATS_03360.nii.gz,0.9077,0.9077,0.0,1.0,1.0,373.129
92,BRATS_03368.nii.gz,0.8939,0.8973,0.0,1.0,1.0,373.129
93,BRATS_03528.nii.gz,0.9583,0.9166,0.9285,0.0,1.0,1.0
94,BRATS_03531.nii.gz,0.9628,0.9286,0.9288,0.0,1.0,1.0
95,BRATS_03532.nii.gz,0.973,0.9409,0.9407,0.0,1.0,1.0
96,BRATS_03537.nii.gz,0.9808,0.957,0.9364,0.0,0.0,1.0
97,BRATS_03540.nii.gz,0.9719,0.9332,0.8799,0.0,1.0,1.0
98,BRATS_03544.nii.gz,0.9324,0.9085,0.8549,1.0,1.0,1.0
99,BRATS_03698.nii.gz,0.7414,0.7193,0.8,1.561,1.619,1.0
100,BRATS_03704.nii.gz,0.8692,0.8623,0.973,1.0,1.0,0.0
101,BRATS_03705.nii.gz,0.9091,0.8963,0.9565,1.0,1.0,0.0
102,BRATS_03710.nii.gz,0.9667,0.9561,0.9663,0.0,0.0,0.0
103,BRATS_03712.nii.gz,0.9636,0.951,0.9458,0.0,0.0,1.0
104,BRATS_03713.nii.gz,0.9664,0.9528,0.955,0.0,0.0,0.0
105,BRATS_03715.nii.gz,0.979,0.9623,0.9497,0.0,0.0,0.2
106,BRATS_03864.nii.gz,0.7534,0.7463,0.0,2.0,2.0,373.129
107,BRATS_03866.nii.gz,0.8997,0.8777,0.9189,1.0,1.0,1.0
108,BRATS_03867.nii.gz,0.9299,0.8895,0.9456,1.0,1.0,1.0
109,BRATS_03873.nii.gz,0.9741,0.9333,0.9573,0.0,1.0,0.0
110,BRATS_03882.nii.gz,0.9677,0.9201,0.95,0.0,1.0,0.05
111,BRATS_04035.nii.gz,0.8348,0.8348,0.8095,4.037,4.037,1.0
112,BRATS_04037.nii.gz,0.8638,0.8638,0.8941,1.0,1.0,1.0
113,BRATS_04039.nii.gz,0.9326,0.9326,0.9318,1.0,1.0,1.0
114,BRATS_04041.nii.gz,0.9677,0.9677,0.9398,0.0,0.0,1.0
115,BRATS_04045.nii.gz,0.931,0.9203,0.9048,1.0,1.0,1.0
116,BRATS_04206.nii.gz,0.9613,0.9605,0.8462,0.0,0.0,1.0
117,BRATS_04209.nii.gz,0.943,0.943,1.0,1.0,1.0,0.0
118,BRATS_04211.nii.gz,0.9354,0.9343,0.0,1.0,1.0,373.129
119,BRATS_04370.nii.gz,0.7941,0.7963,0.0,2.083,2.142,373.129
120,BRATS_04371.nii.gz,0.781,0.7806,0.0,3.0,3.0,373.129
121,BRATS_04372.nii.gz,0.8844,0.8804,0.7571,1.0,1.0,2.2359999999999998
122,BRATS_04377.nii.gz,0.9311,0.9052,0.9658,1.0,1.0,0.0
123,BRATS_04537.nii.gz,1.0,1.0,1.0,0.0,0.0,0.0
124,BRATS_04538.nii.gz,1.0,1.0,1.0,0.0,0.0,0.0
125,BRATS_04540.nii.gz,1.0,1.0,1.0,0.0,0.0,0.0
126,BRATS_04543.nii.gz,1.0,1.0,1.0,0.0,0.0,0.0
127,BRATS_04547.nii.gz,1.0,1.0,1.0,0.0,0.0,0.0
128,BRATS_04554.nii.gz,0.0,0.0,1.0,373.129,373.129,0.0
129,BRATS_04709.nii.gz,0.7631,0.7593,1.0,1.4140000000000001,1.4140000000000001,0.0
130,BRATS_04712.nii.gz,0.777,0.775,0.0,2.0,2.0,5.0
131,BRATS_04722.nii.gz,0.9395,0.8523,0.869,1.0,1.0,1.0
132,BRATS_04723.nii.gz,0.9284,0.8285,0.8148,1.0,1.4140000000000001,1.311
133,BRATS_04872.nii.gz,1.0,1.0,1.0,0.0,0.0,0.0
134,BRATS_04880.nii.gz,0.7742,0.7742,1.0,1.0,1.0,0.0
135,BRATS_04882.nii.gz,0.6875,0.6875,1.0,4.21,4.21,0.0
136,BRATS_04883.nii.gz,0.7692,0.7692,1.0,2.0,2.0,0.0
137,BRATS_04885.nii.gz,0.8696,0.8696,1.0,1.0,1.0,0.0
138,BRATS_04887.nii.gz,0.9288,0.9288,0.6667,1.0,1.0,1.228
139,BRATS_05043.nii.gz,0.9491,0.8855,0.959,1.0,1.0,0.0
140,BRATS_05044.nii.gz,0.9531,0.8995,0.9663,0.0,1.0,0.0
141,BRATS_05053.nii.gz,0.9505,0.8481,0.9244,0.0,1.0,1.0
142,BRATS_05055.nii.gz,0.953,0.9031,0.9308,0.0,1.0,1.0
143,BRATS_05210.nii.gz,0.9582,0.9035,0.9066,0.0,1.0,1.0
144,BRATS_05212.nii.gz,0.9582,0.9042,0.9193,0.0,1.0,1.0
145,BRATS_05225.nii.gz,0.8864,0.8897,1.0,1.0,1.0,0.0
146,BRATS_05377.nii.gz,0.4211,0.4211,1.0,2.7489999999999997,2.7489999999999997,0.0
147,BRATS_05384.nii.gz,0.9263,0.9263,1.0,1.0,1.0,0.0
148,BRATS_05386.nii.gz,0.9084,0.9084,1.0,1.0,1.0,0.0
149,BRATS_05387.nii.gz,0.9033,0.9033,1.0,1.0,1.0,0.0
150,BRATS_05390.nii.gz,0.9419,0.9419,1.0,1.0,1.0,0.0
151,BRATS_05391.nii.gz,0.9491,0.9505,1.0,1.0,0.0,0.0
152,BRATS_05392.nii.gz,0.9526,0.9526,1.0,0.0,0.0,0.0
153,BRATS_05546.nii.gz,0.9297,0.8692,0.7733,1.0,1.0,1.0
154,BRATS_05548.nii.gz,0.9486,0.8889,0.9136,1.0,1.0,1.0
155,BRATS_05556.nii.gz,0.9665,0.9168,0.9354,0.0,1.0,1.0
156,BRATS_05558.nii.gz,0.9554,0.8989,0.9346,0.0,1.0,1.0
157,BRATS_05718.nii.gz,0.9505,0.9274,0.935,0.0,1.0,1.0
158,BRATS_05721.nii.gz,0.9644,0.949,0.9486,0.0,1.0,0.4
159,BRATS_05724.nii.gz,0.9682,0.9474,0.916,0.0,1.0,1.0
160,BRATS_05885.nii.gz,1.0,1.0,1.0,0.0,0.0,0.0
161,BRATS_05889.nii.gz,0.75,0.75,1.0,1.795,1.795,0.0
162,BRATS_05890.nii.gz,0.7785,0.7703,1.0,2.0,2.0,0.0
163,BRATS_05896.nii.gz,0.9507,0.9492,0.8929,0.0,0.6,1.0
164,BRATS_05897.nii.gz,0.9432,0.9431,0.8952,1.0,1.0,1.0
165,BRATS_06048.nii.gz,0.9327,0.9159,0.9644,1.0,1.0,0.0
166,BRATS_06051.nii.gz,0.958,0.9491,0.9572,0.0,1.0,0.0
167,BRATS_06056.nii.gz,0.9028,0.9025,0.9333,1.0,1.0,0.55
168,BRATS_06063.nii.gz,0.9063,0.9063,1.0,1.0,1.0,0.0
169,BRATS_06066.nii.gz,0.7821,0.7821,1.0,3.573,3.573,0.0
170,BRATS_06222.nii.gz,0.9433,0.8955,0.862,1.0,1.0,1.0
171,BRATS_06224.nii.gz,0.9638,0.9232,0.9137,0.0,1.0,1.0
172,BRATS_06226.nii.gz,0.9565,0.9114,0.9194,0.0,1.0,1.0
173,BRATS_06227.nii.gz,0.9476,0.8976,0.9314,1.0,1.0,1.0
174,BRATS_06235.nii.gz,0.6174,0.619,1.0,5.88,5.905,0.0
175,BRATS_06394.nii.gz,0.7246,0.7246,1.0,30.881999999999998,30.881999999999998,0.0
176,BRATS_06552.nii.gz,0.9221,0.9026,0.8471,1.0,1.0,1.0
177,BRATS_06563.nii.gz,0.9601,0.9277,0.8729,0.0,1.0,1.0
178,BRATS_06571.nii.gz,0.7895,0.7926,0.3243,2.0,2.0,6.34
179,BRATS_06721.nii.gz,1.0,1.0,1.0,0.0,0.0,0.0
180,BRATS_06724.nii.gz,1.0,1.0,1.0,0.0,0.0,0.0
181,BRATS_06728.nii.gz,1.0,1.0,1.0,0.0,0.0,0.0
182,BRATS_06730.nii.gz,1.0,1.0,1.0,0.0,0.0,0.0
183,BRATS_06734.nii.gz,1.0,1.0,1.0,0.0,0.0,0.0
184,BRATS_06895.nii.gz,0.8902,0.8902,1.0,1.0,1.0,0.0
185,BRATS_06904.nii.gz,0.9489,0.9404,0.9546,1.0,1.0,0.0
186,BRATS_07066.nii.gz,0.9528,0.9063,0.8978,0.0,1.0,1.0
187,BRATS_07070.nii.gz,0.9628,0.9271,0.8834,0.0,1.0,1.0
188,BRATS_07225.nii.gz,1.0,1.0,1.0,0.0,0.0,0.0
189,BRATS_07228.nii.gz,0.0,0.0,1.0,373.129,373.129,0.0
190,BRATS_07229.nii.gz,0.3333,0.3333,1.0,2.2359999999999998,2.2359999999999998,0.0
191,BRATS_07233.nii.gz,0.7385,0.7385,1.0,6.367999999999999,6.367999999999999,0.0
192,BRATS_07238.nii.gz,0.8488,0.8488,1.0,1.4140000000000001,1.4140000000000001,0.0
193,BRATS_07392.nii.gz,0.8693,0.8368,0.8609,2.2359999999999998,2.2359999999999998,1.0
194,BRATS_07393.nii.gz,0.9026,0.8658,0.8576,1.0,1.4140000000000001,1.0
195,BRATS_07560.nii.gz,0.9304,0.8296,0.8791,1.0,1.0,1.0
196,BRATS_07564.nii.gz,0.9558,0.8624,0.8721,0.0,1.0,1.0
197,BRATS_07569.nii.gz,0.9748,0.8922,0.8917,0.0,1.0,1.0
198,BRATS_07573.nii.gz,0.9886,0.8977,0.8951,0.0,1.0,1.0
199,BRATS_07733.nii.gz,0.8208,0.822,0.9314,1.4140000000000001,1.4140000000000001,1.0
200,BRATS_07735.nii.gz,0.8696,0.8692,0.9275,2.0,2.0,1.0
201,BRATS_07743.nii.gz,0.9589,0.9322,0.9088,0.0,1.0,1.0
202,BRATS_07744.nii.gz,0.9584,0.9264,0.8943,0.0,1.0,1.0
203,BRATS_07897.nii.gz,1.0,1.0,1.0,0.0,0.0,0.0
204,BRATS_07902.nii.gz,1.0,1.0,1.0,0.0,0.0,0.0
205,BRATS_07903.nii.gz,1.0,1.0,1.0,0.0,0.0,0.0
206,BRATS_07912.nii.gz,1.0,1.0,1.0,0.0,0.0,0.0
207,BRATS_07913.nii.gz,1.0,1.0,1.0,0.0,0.0,0.0
208,BRATS_08065.nii.gz,0.9624,0.902,0.9024,0.0,1.0,1.0
209,BRATS_08071.nii.gz,0.968,0.9297,0.897,0.0,1.0,1.0
210,BRATS_08080.nii.gz,0.9692,0.9299,0.9326,0.0,1.0,1.0
211,BRATS_08233.nii.gz,0.7349,0.7407,1.0,10.0,10.007,0.0
212,BRATS_08236.nii.gz,0.754,0.7515,0.0,1.4140000000000001,1.4140000000000001,373.129
213,BRATS_08242.nii.gz,0.8568,0.8508,0.9184,1.0,1.0,1.0
214,BRATS_08251.nii.gz,0.8889,0.8783,0.8219,1.0,1.0,1.0
215,BRATS_08402.nii.gz,1.0,1.0,1.0,0.0,0.0,0.0
216,BRATS_08411.nii.gz,0.0,0.0,1.0,373.129,373.129,0.0
217,BRATS_08419.nii.gz,0.8552,0.8552,1.0,11.331,11.331,0.0
218,BRATS_08571.nii.gz,0.8712,0.8712,1.0,1.0,1.0,0.0
219,BRATS_08575.nii.gz,0.9048,0.9048,1.0,1.0,1.0,0.0
220,BRATS_08585.nii.gz,0.963,0.9296,0.8689,0.0,1.0,1.0
221,BRATS_08586.nii.gz,0.964,0.9361,0.8778,0.0,1.0,1.0
222,BRATS_08743.nii.gz,0.973,0.9601,0.9442,0.0,0.0,1.0
223,BRATS_08748.nii.gz,0.9667,0.954,0.9426,0.0,0.0,1.0
224,BRATS_08755.nii.gz,0.9217,0.9232,0.9171,1.0,1.0,1.0
225,BRATS_08904.nii.gz,0.6296,0.6296,1.0,2.0,2.0,0.0
226,BRATS_08908.nii.gz,0.7977,0.7942,1.0,2.2359999999999998,2.2359999999999998,0.0
227,BRATS_09072.nii.gz,0.8732,0.8599,0.8813,1.4140000000000001,2.0,1.0
228,BRATS_09073.nii.gz,0.8809,0.8738,0.9102,1.0,1.0,1.0
229,BRATS_09076.nii.gz,0.9199,0.9119,0.9495,1.0,1.0,0.15
230,BRATS_09086.nii.gz,1.0,1.0,1.0,0.0,0.0,0.0
231,BRATS_09091.nii.gz,1.0,1.0,1.0,0.0,0.0,0.0
232,BRATS_09241.nii.gz,0.9614,0.9139,0.9192,0.0,1.0,1.0
233,BRATS_09251.nii.gz,0.9687,0.9578,0.8831,0.0,0.0,1.2
234,BRATS_09254.nii.gz,0.9683,0.9566,0.918,0.0,0.0,1.0
235,BRATS_09423.nii.gz,0.8893,0.8876,0.8862,1.0,1.0,1.0
236,BRATS_09427.nii.gz,0.4653,0.4653,1.0,8.924,8.924,0.0
237,BRATS_09577.nii.gz,0.8728,0.8728,1.0,1.0,1.0,0.0
238,BRATS_09580.nii.gz,0.8947,0.8947,1.0,1.0,1.0,0.0
239,BRATS_09583.nii.gz,0.9108,0.9108,1.0,1.0,1.0,0.0
240,BRATS_09592.nii.gz,0.9369,0.9369,0.7407,1.0,1.0,1.0
241,BRATS_09745.nii.gz,1.0,1.0,1.0,0.0,0.0,0.0
242,BRATS_09747.nii.gz,1.0,1.0,1.0,0.0,0.0,0.0
243,BRATS_09912.nii.gz,1.0,1.0,1.0,0.0,0.0,0.0
244,BRATS_09915.nii.gz,1.0,1.0,1.0,0.0,0.0,0.0
245,BRATS_09920.nii.gz,1.0,1.0,1.0,0.0,0.0,0.0
246,BRATS_09922.nii.gz,1.0,1.0,1.0,0.0,0.0,0.0
247,BRATS_09927.nii.gz,0.7273,0.7273,1.0,1.0,1.0,0.0
248,BRATS_09928.nii.gz,0.8,0.8,1.0,1.3,1.3,0.0
249,BRATS_10080.nii.gz,0.9402,0.8306,0.5833,1.0,1.0,2.2359999999999998
250,BRATS_10084.nii.gz,0.9064,0.8348,0.7722,1.0,1.0,1.0
251,BRATS_10085.nii.gz,0.8737,0.8148,0.7308,1.0,1.0,1.0
252,BRATS_10090.nii.gz,0.7143,0.7143,1.0,1.433,1.433,0.0
253,BRATS_10092.nii.gz,0.8,0.8,1.0,1.228,1.228,0.0
254,BRATS_10093.nii.gz,0.2857,0.2857,1.0,1.0,1.0,0.0
255,BRATS_10095.nii.gz,0.0,0.0,1.0,373.129,373.129,0.0
256,BRATS_10097.nii.gz,1.0,1.0,1.0,0.0,0.0,0.0
257,BRATS_10262.nii.gz,0.4722,0.4722,1.0,2.8280000000000003,2.8280000000000003,0.0
258,BRATS_10421.nii.gz,0.825,0.8242,0.9815,3.162,3.162,0.0
259,BRATS_10422.nii.gz,0.8627,0.8632,0.8926,2.0,2.0,1.0
260,BRATS_10430.nii.gz,0.9463,0.9167,0.9397,1.0,1.0,1.0
261,BRATS_10431.nii.gz,0.949,0.9177,0.9466,1.0,1.0,1.0
262,BRATS_10435.nii.gz,0.935,0.9029,0.9412,1.0,1.0,1.0
263,BRATS_10584.nii.gz,0.9226,0.8926,0.9169,1.0,1.0,1.0
264,BRATS_10586.nii.gz,0.9559,0.9309,0.9014,0.0,1.0,1.0
265,BRATS_10587.nii.gz,0.9475,0.9265,0.9446,1.0,1.0,1.0
266,BRATS_10588.nii.gz,0.9493,0.9247,0.9048,1.0,1.0,1.0
267,BRATS_10593.nii.gz,0.9514,0.94,0.9286,0.0,1.0,1.0
268,BRATS_10594.nii.gz,0.9524,0.9378,0.9091,0.0,1.0,1.0
269,BRATS_10598.nii.gz,0.9046,0.8994,0.9368,1.0,1.0,1.0
270,BRATS_10602.nii.gz,0.8848,0.8859,0.0,1.0,1.0,373.129
271,BRATS_10755.nii.gz,0.8847,0.8847,1.0,1.0,1.0,0.0
272,BRATS_10759.nii.gz,0.7037,0.7037,1.0,3.0410000000000004,3.0410000000000004,0.0
273,BRATS_10766.nii.gz,0.4,0.4,1.0,1.0,1.0,0.0
274,BRATS_10932.nii.gz,0.9754,0.9634,0.9629,0.0,0.0,0.0
275,BRATS_10938.nii.gz,0.9652,0.951,0.961,0.0,0.0,0.0
276,BRATS_11089.nii.gz,0.9288,0.8871,0.8433,1.0,1.0,1.0
277,BRATS_11092.nii.gz,0.9326,0.9134,0.8781,1.0,1.0,1.0
278,BRATS_11096.nii.gz,0.9391,0.9161,0.8719,1.0,1.0,1.0
279,BRATS_11099.nii.gz,0.9405,0.9162,0.8953,1.0,1.0,1.0
280,BRATS_11103.nii.gz,0.9334,0.9019,0.885,1.0,1.0,1.0
281,BRATS_11273.nii.gz,0.9326,0.9269,0.6667,1.0,1.0,1.0
282,BRATS_11425.nii.gz,0.8298,0.8298,1.0,1.0,1.0,0.0
283,BRATS_11427.nii.gz,0.8535,0.8535,1.0,2.611,2.611,0.0
284,BRATS_11437.nii.gz,0.9331,0.9248,0.8483,1.0,1.0,1.4140000000000001
285,BRATS_11442.nii.gz,0.9384,0.9326,0.9277,1.0,1.0,1.0
286,BRATS_11761.nii.gz,1.0,1.0,1.0,0.0,0.0,0.0
287,BRATS_11762.nii.gz,1.0,1.0,1.0,0.0,0.0,0.0
288,BRATS_11764.nii.gz,1.0,1.0,1.0,0.0,0.0,0.0
289,BRATS_11765.nii.gz,1.0,1.0,1.0,0.0,0.0,0.0
290,BRATS_11769.nii.gz,1.0,1.0,1.0,0.0,0.0,0.0
291,BRATS_11770.nii.gz,1.0,1.0,1.0,0.0,0.0,0.0
292,BRATS_11777.nii.gz,1.0,1.0,1.0,0.0,0.0,0.0
293,BRATS_11932.nii.gz,0.9497,0.9427,0.9013,0.9,1.0,1.0
294,BRATS_11935.nii.gz,0.9499,0.9429,0.913,0.25,1.0,1.0
295,BRATS_11945.nii.gz,0.8854,0.8854,1.0,1.0,1.0,0.0
296,BRATS_12101.nii.gz,0.0,0.0,0.0,373.129,373.129,373.129
297,BRATS_12103.nii.gz,0.0,0.0,1.0,14.339,14.339,0.0
298,BRATS_12104.nii.gz,0.4828,0.4828,1.0,3.948,3.948,0.0
299,BRATS_12107.nii.gz,0.7397,0.7397,1.0,7.211,7.211,0.0
300,BRATS_12264.nii.gz,0.9557,0.8526,0.823,0.0,1.0,1.0
301,BRATS_12281.nii.gz,0.9635,0.8855,0.8701,0.0,1.0,1.0
302,BRATS_12432.nii.gz,1.0,1.0,1.0,0.0,0.0,0.0
303,BRATS_12434.nii.gz,1.0,1.0,1.0,0.0,0.0,0.0
304,BRATS_12435.nii.gz,1.0,1.0,1.0,0.0,0.0,0.0
305,BRATS_12442.nii.gz,0.0,0.0,1.0,373.129,373.129,0.0
306,BRATS_12449.nii.gz,0.7857,0.7857,0.0,13.737,13.737,373.129
307,BRATS_12450.nii.gz,0.6744,0.6744,0.0,15.107999999999999,15.107999999999999,373.129
308,BRATS_12601.nii.gz,0.9328,0.9106,0.8814,1.0,1.0,1.0
309,BRATS_12607.nii.gz,0.9326,0.9271,0.9516,1.0,1.0,0.0
310,BRATS_12610.nii.gz,0.9228,0.9223,0.7109,1.0,1.0,1.4140000000000001
311,BRATS_12611.nii.gz,0.8971,0.8965,0.0,1.4140000000000001,1.4140000000000001,373.129
312,BRATS_12612.nii.gz,0.9144,0.9139,0.0,1.0,1.0,373.129
313,BRATS_12613.nii.gz,0.9364,0.9364,1.0,1.0,1.0,0.0
314,BRATS_12779.nii.gz,0.8717,0.7772,0.8435,3.384,4.105,1.0
315,BRATS_12782.nii.gz,0.7411,0.7018,0.9266,6.796,7.122999999999999,1.0
316,BRATS_12941.nii.gz,0.9422,0.9052,0.8589,1.0,1.0,1.0
317,BRATS_12950.nii.gz,0.9569,0.9205,0.8972,0.0,1.0,1.0
318,BRATS_12953.nii.gz,0.9642,0.9116,0.8708,0.0,1.0,1.0
319,BRATS_12955.nii.gz,0.944,0.9092,0.8625,1.0,1.0,1.0
320,BRATS_13108.nii.gz,0.9616,0.9227,0.9538,0.0,1.0,0.0
321,BRATS_13110.nii.gz,0.9586,0.9104,0.9512,0.0,1.0,0.0
322,BRATS_13111.nii.gz,0.9604,0.9114,0.9508,0.0,1.0,0.0
323,BRATS_13115.nii.gz,0.964,0.9224,0.9503,0.0,1.0,0.0
324,BRATS_13119.nii.gz,0.955,0.9047,0.9641,0.0,1.0,0.0
325,BRATS_13286.nii.gz,0.9714,0.9123,0.9313,0.0,1.0,1.0
326,BRATS_13441.nii.gz,0.9345,0.9001,0.9035,1.0,1.0,1.0
327,BRATS_13443.nii.gz,0.9241,0.8894,0.8883,1.0,1.0,1.0
328,BRATS_13444.nii.gz,0.9099,0.8818,0.9004,1.0,1.0,1.0
329,BRATS_13446.nii.gz,0.9375,0.9207,0.9333,1.0,1.0,1.0
330,BRATS_13447.nii.gz,0.9451,0.9263,0.9114,1.0,1.0,1.0
331,BRATS_13449.nii.gz,0.9443,0.9299,0.9038,1.0,1.0,1.0
332,BRATS_13610.nii.gz,0.8923,0.8919,1.0,1.0,1.0,0.0
333,BRATS_13613.nii.gz,0.8823,0.882,1.0,1.0,1.0,0.0
334,BRATS_13617.nii.gz,0.9165,0.9165,1.0,1.0,1.0,0.0
335,BRATS_13624.nii.gz,0.9057,0.8953,0.8683,1.0,1.0,1.0
336,BRATS_13785.nii.gz,0.8754,0.828,0.4651,1.4140000000000001,2.0,8.189
337,BRATS_13945.nii.gz,0.935,0.875,0.9252,1.0,1.0,1.0
338,BRATS_13946.nii.gz,0.9392,0.8684,0.9145,1.0,1.0,1.0
339,BRATS_13951.nii.gz,0.9145,0.8429,0.9072,1.0,1.4140000000000001,1.0
340,BRATS_13963.nii.gz,0.9477,0.8908,0.8655,1.0,1.0,1.0
341,BRATS_14112.nii.gz,1.0,1.0,1.0,0.0,0.0,0.0
342,BRATS_14123.nii.gz,0.4706,0.4706,1.0,2.355,2.355,0.0
343,BRATS_14280.nii.gz,1.0,1.0,1.0,0.0,0.0,0.0
344,BRATS_14282.nii.gz,0.0,1.0,1.0,373.129,0.0,0.0
345,BRATS_14284.nii.gz,0.125,0.125,1.0,17.092,17.092,0.0
346,BRATS_14285.nii.gz,0.4,0.4186,1.0,17.018,16.938,0.0
347,BRATS_14286.nii.gz,0.8036,0.8036,1.0,1.0,1.0,0.0
348,BRATS_14295.nii.gz,0.9569,0.9523,0.9412,0.0,0.0,0.95
349,BRATS_14299.nii.gz,0.9615,0.945,0.9799,0.0,1.0,0.0
350,BRATS_14450.nii.gz,1.0,1.0,1.0,0.0,0.0,0.0
351,BRATS_14451.nii.gz,0.0,0.0,1.0,373.129,373.129,0.0
352,BRATS_14453.nii.gz,1.0,1.0,1.0,0.0,0.0,0.0
353,BRATS_14456.nii.gz,0.404,0.404,1.0,8.0,8.0,0.0
354,BRATS_14460.nii.gz,0.879,0.879,1.0,1.0,1.0,0.0
355,BRATS_14467.nii.gz,0.9049,0.8993,0.9615,1.0,1.0,0.0
356,BRATS_14619.nii.gz,0.8904,0.8904,1.0,1.0,1.0,0.0
357,BRATS_14621.nii.gz,0.8756,0.87,1.0,1.0,1.0,0.0
358,BRATS_14625.nii.gz,0.5581,0.5581,1.0,2.0,2.0,0.0
359,BRATS_14626.nii.gz,0.28,0.2857,1.0,3.0,3.0,0.0
360,BRATS_14628.nii.gz,1.0,1.0,1.0,0.0,0.0,0.0
361,BRATS_14629.nii.gz,1.0,1.0,1.0,0.0,0.0,0.0
362,BRATS_14634.nii.gz,1.0,1.0,1.0,0.0,0.0,0.0
363,BRATS_14784.nii.gz,0.9576,0.9184,0.9184,0.0,1.0,1.0
364,BRATS_14785.nii.gz,0.9666,0.9194,0.8937,0.0,1.0,1.0
365,BRATS_14788.nii.gz,0.9683,0.9247,0.8848,0.0,1.0,1.0
366,BRATS_14798.nii.gz,0.9596,0.9387,0.914,0.0,1.0,1.0
367,BRATS_14966.nii.gz,0.9222,0.8746,0.8995,1.0,1.0,1.0
368,BRATS_14967.nii.gz,0.9236,0.8867,0.9159,1.0,1.0,1.0
369,BRATS_15120.nii.gz,0.7335,0.7348,0.8676,8.04,8.052999999999999,1.0
370,BRATS_15124.nii.gz,0.8573,0.8295,0.9122,3.7239999999999998,4.237,1.0
371,BRATS_15126.nii.gz,0.8669,0.8113,0.8861,2.0,2.8280000000000003,1.0
372,BRATS_15129.nii.gz,0.8919,0.8138,0.8848,3.372,5.907,1.0
373,BRATS_15135.nii.gz,0.9251,0.8761,0.9164,1.0,2.443,1.0
374,BRATS_15137.nii.gz,0.9394,0.8852,0.92,1.0,1.0,1.0
375,BRATS_15297.nii.gz,0.912,0.839,0.8416,1.4140000000000001,5.185,6.325
376,BRATS_15300.nii.gz,0.9311,0.7874,0.7643,1.0,1.4140000000000001,1.7069999999999999
377,BRATS_15303.nii.gz,0.9431,0.8513,0.8339,1.0,1.0,1.0
378,BRATS_15304.nii.gz,0.9455,0.871,0.854,1.0,1.0,1.0
379,BRATS_15306.nii.gz,0.9439,0.8623,0.8593,1.0,1.0,1.0
380,BRATS_15458.nii.gz,0.7059,0.7059,1.0,2.8,2.8,0.0
381,BRATS_15466.nii.gz,0.9414,0.9414,0.866,1.0,1.0,2.0
382,BRATS_15629.nii.gz,0.9455,0.9443,0.9358,1.0,1.0,1.0
383,BRATS_15793.nii.gz,1.0,1.0,1.0,0.0,0.0,0.0
384,BRATS_15798.nii.gz,0.0,0.0,1.0,373.129,373.129,0.0
385,BRATS_15799.nii.gz,1.0,1.0,1.0,0.0,0.0,0.0
386,BRATS_15801.nii.gz,1.0,1.0,1.0,0.0,0.0,0.0
387,BRATS_15802.nii.gz,1.0,1.0,1.0,0.0,0.0,0.0
388,BRATS_15809.nii.gz,0.9091,0.9091,1.0,1.0,1.0,0.0
389,BRATS_15969.nii.gz,0.9554,0.9225,0.8936,0.0,1.0,1.0
390,BRATS_15971.nii.gz,0.9543,0.9139,0.8965,0.0,1.0,1.0
391,BRATS_15975.nii.gz,0.9705,0.9302,0.8972,0.0,1.0,1.0
392,BRATS_15976.nii.gz,0.9653,0.9346,0.9071,0.0,1.0,1.0
393,BRATS_15979.nii.gz,0.9694,0.9334,0.8141,0.0,1.0,5.099
394,BRATS_16134.nii.gz,0.9375,0.9353,0.9198,1.0,1.0,1.0
395,BRATS_16136.nii.gz,0.9516,0.9344,0.9074,0.0,1.0,1.0
396,BRATS_16137.nii.gz,0.9527,0.9261,0.8764,0.0,1.0,1.0
397,BRATS_16139.nii.gz,0.9664,0.9541,0.9341,0.0,0.0,1.0
398,BRATS_16145.nii.gz,0.9696,0.9456,0.9501,0.0,1.0,0.0
399,BRATS_16147.nii.gz,0.9677,0.934,0.9547,0.0,1.0,0.0
400,BRATS_16468.nii.gz,0.7059,0.7059,1.0,19.986,19.986,0.0
401,BRATS_16469.nii.gz,0.619,0.6265,1.0,2.0,2.0,0.0
402,BRATS_16471.nii.gz,0.7312,0.7909,0.7879,17.761,18.472,2.0
403,BRATS_16473.nii.gz,0.7863,0.7083,0.8406,10.962,16.279,1.0
404,BRATS_16475.nii.gz,0.8293,0.8147,0.8065,1.4140000000000001,2.0,4.428999999999999
405,BRATS_16482.nii.gz,0.9385,0.9091,0.9444,1.0,1.0,1.0
406,BRATS_16635.nii.gz,0.8979,0.902,0.9396,1.0,1.0,1.0
407,BRATS_16643.nii.gz,0.6667,0.6667,1.0,3.0,3.0,0.0
408,BRATS_16645.nii.gz,0.5263,0.5263,1.0,2.024,2.024,0.0
409,BRATS_16646.nii.gz,0.4,0.4,1.0,2.0709999999999997,2.0709999999999997,0.0
410,BRATS_16800.nii.gz,0.8456,0.8456,1.0,1.0,1.0,0.0
411,BRATS_16802.nii.gz,0.664,0.664,1.0,8.044,8.044,0.0
412,BRATS_16803.nii.gz,0.8463,0.8482,1.0,1.4140000000000001,1.4140000000000001,0.0
413,BRATS_16806.nii.gz,0.7791,0.7791,0.0,12.0,12.0,373.129
414,BRATS_16807.nii.gz,0.8778,0.8757,0.9343,2.2359999999999998,2.2359999999999998,1.0
415,BRATS_16808.nii.gz,0.9208,0.9215,0.9442,1.0,1.0,1.0
416,BRATS_16811.nii.gz,0.9678,0.9672,0.9468,0.0,0.0,1.0
417,BRATS_16815.nii.gz,0.9625,0.9599,0.9644,0.0,0.0,0.0
418,BRATS_16970.nii.gz,0.9509,0.9157,0.9238,0.0,1.0,1.0
419,BRATS_16971.nii.gz,0.9471,0.8929,0.9092,1.0,1.0,1.0
420,BRATS_16975.nii.gz,0.9673,0.8996,0.8981,0.0,1.0,1.0
421,BRATS_16980.nii.gz,0.9732,0.9002,0.9004,0.0,1.0,1.0
422,BRATS_16982.nii.gz,0.9743,0.8903,0.895,0.0,1.0,1.0
423,BRATS_17138.nii.gz,0.8453,0.8428,1.0,1.0,1.0,0.0
424,BRATS_17144.nii.gz,0.7632,0.7656,1.0,4.0,4.0,0.0
425,BRATS_17147.nii.gz,0.7184,0.7205,1.0,11.045,11.045,0.0
426,BRATS_17148.nii.gz,0.7662,0.7672,1.0,5.63,5.653,0.0
427,BRATS_17151.nii.gz,0.7557,0.7573,1.0,9.055,10.05,0.0
428,BRATS_17152.nii.gz,0.7406,0.7422,1.0,8.037,8.044,0.0
429,BRATS_17309.nii.gz,0.7568,0.7568,1.0,1.0,1.0,0.0
430,BRATS_17312.nii.gz,0.8372,0.8372,1.0,1.0,1.0,0.0
431,BRATS_17316.nii.gz,0.6984,0.7,1.0,1.4140000000000001,1.4140000000000001,0.0
432,BRATS_17317.nii.gz,0.7,0.6947,0.0,2.2359999999999998,2.2359999999999998,373.129
433,BRATS_17472.nii.gz,0.9481,0.8825,0.971,1.0,1.0,0.0
434,BRATS_17480.nii.gz,0.9116,0.8545,0.8929,1.0,1.0,1.0
435,BRATS_17485.nii.gz,0.9179,0.8759,0.8421,1.0,1.0,1.0
436,BRATS_17487.nii.gz,0.9141,0.8998,0.0,1.0,1.0,373.129
437,BRATS_17489.nii.gz,0.9278,0.9278,1.0,1.0,1.0,0.0
438,BRATS_17645.nii.gz,0.8882,0.8491,0.8675,1.0,1.0,1.0
439,BRATS_17646.nii.gz,0.9067,0.8737,0.8941,1.0,1.0,1.0
440,BRATS_17647.nii.gz,0.892,0.8439,0.881,1.0,1.0,1.0
441,BRATS_17649.nii.gz,0.8961,0.8303,0.8101,1.0,1.0,1.0
442,BRATS_17650.nii.gz,0.9127,0.8462,0.878,1.0,1.0,1.0
443,BRATS_17656.nii.gz,0.8395,0.8421,1.0,1.0,1.0,0.0
444,BRATS_17812.nii.gz,0.8525,0.8525,1.0,1.0,1.0,0.0
445,BRATS_17817.nii.gz,0.9085,0.9085,1.0,1.0,1.0,0.0
446,BRATS_17818.nii.gz,0.8571,0.8571,1.0,1.0,1.0,0.0
447,BRATS_17820.nii.gz,0.9048,0.9015,1.0,1.0,1.0,0.0
448,BRATS_17977.nii.gz,0.9622,0.8539,0.8037,0.0,1.0,1.0
449,BRATS_17978.nii.gz,0.952,0.8156,0.7796,0.0,1.0,1.0
450,BRATS_17981.nii.gz,0.9408,0.8177,0.8399,1.0,1.0,1.0
451,BRATS_17985.nii.gz,0.9284,0.8177,0.8557,1.0,1.0,1.0
452,BRATS_17990.nii.gz,0.9137,0.8161,0.8285,1.0,2.906,1.0
453,BRATS_17992.nii.gz,0.8912,0.8144,0.8386,4.243,5.0889999999999995,1.0
454,BRATS_17993.nii.gz,0.8536,0.7831,0.8177,2.0,2.0,1.4140000000000001
455,BRATS_17995.nii.gz,0.7265,0.6897,0.7134,2.2359999999999998,2.2359999999999998,19.436
456,BRATS_18162.nii.gz,0.9666,0.8429,0.7531,0.0,1.0,1.4140000000000001
457,BRATS_18318.nii.gz,0.9132,0.8966,0.9222,1.0,2.0,1.0
458,BRATS_18322.nii.gz,0.9178,0.9168,0.6667,1.0,1.0,2.0
459,BRATS_18324.nii.gz,0.9188,0.9177,1.0,1.0,1.0,0.0
460,BRATS_18327.nii.gz,0.8962,0.8962,1.0,1.0,1.0,0.0
461,BRATS_18331.nii.gz,0.7536,0.7536,1.0,1.4140000000000001,1.4140000000000001,0.0
462,BRATS_18490.nii.gz,0.3636,0.3636,1.0,3.162,3.162,0.0
463,BRATS_18491.nii.gz,0.2456,0.2456,1.0,4.025,4.025,0.0
464,BRATS_18492.nii.gz,0.0,0.0,0.0,373.129,373.129,373.129
465,BRATS_18499.nii.gz,1.0,1.0,1.0,0.0,0.0,0.0
466,BRATS_18653.nii.gz,0.872,0.8168,0.8769,1.0,1.0,1.0
467,BRATS_18655.nii.gz,0.8924,0.8557,0.8861,1.0,1.0,1.0
468,BRATS_18660.nii.gz,0.8781,0.864,0.913,1.0,1.0,1.0
469,BRATS_18666.nii.gz,0.739,0.7514,0.6571,2.8280000000000003,2.8280000000000003,5.053999999999999
470,BRATS_18667.nii.gz,0.6368,0.6368,1.0,14.318,14.318,0.0
471,BRATS_18816.nii.gz,0.9042,0.8678,0.8883,1.0,1.0,1.0
472,BRATS_18824.nii.gz,0.9071,0.8766,0.903,1.0,1.0,1.0
473,BRATS_18828.nii.gz,0.8902,0.8723,0.9268,1.0,1.0,1.0
474,BRATS_18985.nii.gz,0.9534,0.9534,0.0,0.0,0.0,373.129
475,BRATS_18992.nii.gz,0.946,0.9418,0.9756,1.0,1.0,0.0
476,BRATS_18994.nii.gz,0.9319,0.9297,0.9753,1.0,1.0,0.0
477,BRATS_18999.nii.gz,0.9468,0.9373,0.965,1.0,1.0,0.0
478,BRATS_19002.nii.gz,0.9512,0.9311,0.9261,0.0,1.0,1.0
479,BRATS_19162.nii.gz,0.9308,0.906,0.8688,1.0,1.0,1.0
480,BRATS_19167.nii.gz,0.9414,0.9277,0.8197,1.0,1.0,2.0
481,BRATS_19169.nii.gz,0.9448,0.9249,0.6588,1.0,1.0,5.831
482,BRATS_19332.nii.gz,0.9519,0.9525,0.6977,0.0,0.0,1.3730000000000002
483,BRATS_19335.nii.gz,0.9467,0.9467,0.0,1.0,1.0,373.129
484,BRATS_19493.nii.gz,0.8029,0.7985,1.0,3.0,3.0,0.0
485,BRATS_19495.nii.gz,0.451,0.451,0.0,7.204,7.204,373.129
486,BRATS_19660.nii.gz,0.0,0.0,1.0,373.129,373.129,0.0
487,BRATS_19672.nii.gz,0.8524,0.7931,0.8354,1.4140000000000001,1.4140000000000001,1.0
488,BRATS_19675.nii.gz,0.9014,0.8619,0.8832,1.0,1.0,1.0
489,BRATS_19824.nii.gz,0.8865,0.8745,0.9558,1.0,1.0,0.0
490,BRATS_19827.nii.gz,0.9222,0.9012,0.9479,1.0,1.0,1.0
491,BRATS_19829.nii.gz,0.924,0.9125,0.9794,1.0,1.0,0.0
492,BRATS_19838.nii.gz,0.944,0.9241,0.9728,1.0,1.0,0.0
493,BRATS_20163.nii.gz,0.8544,0.8577,0.875,1.0,1.0,1.0
494,BRATS_20166.nii.gz,0.8837,0.8716,0.8444,1.0,1.0,1.124
495,BRATS_20167.nii.gz,0.8832,0.8777,0.8831,1.0,1.0,1.0
496,BRATS_20171.nii.gz,0.9017,0.8996,0.9262,1.0,1.0,1.0
497,BRATS_20175.nii.gz,0.9139,0.9088,0.9545,1.0,1.0,0.0
498,BRATS_20177.nii.gz,0.9338,0.9274,0.9666,1.0,1.0,0.0
499,BRATS_20328.nii.gz,0.8366,0.8276,0.8171,2.0,2.0,2.0
500,BRATS_20329.nii.gz,0.8799,0.8705,0.9021,1.0,1.0,1.0
501,BRATS_20339.nii.gz,0.8414,0.8436,0.0,1.0,1.0,373.129
502,BRATS_20340.nii.gz,0.8393,0.8369,1.0,1.0,1.0,0.0
503,BRATS_20343.nii.gz,0.7966,0.796,1.0,1.4140000000000001,1.4140000000000001,0.0
504,BRATS_20496.nii.gz,1.0,1.0,1.0,0.0,0.0,0.0
505,BRATS_20498.nii.gz,0.0,0.0,1.0,373.129,373.129,0.0
506,BRATS_20512.nii.gz,0.9021,0.9021,1.0,1.0,1.0,0.0
507,BRATS_20513.nii.gz,0.8825,0.8825,1.0,1.0,1.0,0.0
508,BRATS_20666.nii.gz,0.9392,0.9047,0.8176,1.0,1.0,2.0
509,BRATS_20669.nii.gz,0.9253,0.911,0.8023,1.0,1.0,2.0
510,BRATS_20674.nii.gz,0.8965,0.8976,1.0,1.0,1.0,0.0
511,BRATS_20678.nii.gz,0.8956,0.8956,1.0,1.0,1.0,0.0
512,BRATS_20838.nii.gz,0.9408,0.9389,0.9189,1.0,1.0,1.0
513,BRATS_20843.nii.gz,0.9058,0.9049,0.9725,1.0,1.0,0.0
514,BRATS_20847.nii.gz,0.9077,0.9045,0.9372,1.0,1.0,1.0
515,BRATS_20849.nii.gz,0.8975,0.8938,0.9389,1.0,1.0,1.0
516,BRATS_21009.nii.gz,0.9265,0.9265,1.0,1.0,1.0,0.0
517,BRATS_21017.nii.gz,0.8567,0.8639,0.9,1.0,1.0,1.0
518,BRATS_21018.nii.gz,0.8552,0.8644,0.9474,1.4140000000000001,1.4140000000000001,0.15
519,BRATS_21348.nii.gz,1.0,1.0,1.0,0.0,0.0,0.0
520,BRATS_21515.nii.gz,0.9475,0.8814,0.848,1.0,1.0,1.0
521,BRATS_21676.nii.gz,0.7878,0.808,0.7978,3.6060000000000003,1.0,1.0
522,BRATS_21679.nii.gz,0.8575,0.7883,0.7738,1.0,1.0,1.4140000000000001
523,BRATS_21681.nii.gz,0.9447,0.8291,0.8268,1.0,1.0,1.0
524,BRATS_21688.nii.gz,0.9307,0.8595,0.8535,1.0,1.0,1.0
525,BRATS_21690.nii.gz,0.9324,0.8444,0.8293,1.0,1.0,1.0
526,BRATS_21842.nii.gz,0.5714,0.5714,0.0,3.0,3.0,373.129
527,BRATS_21854.nii.gz,0.8926,0.8881,0.7097,1.0,1.0,1.5
528,BRATS_21857.nii.gz,0.9076,0.8956,0.9231,1.0,1.0,1.0
529,BRATS_22011.nii.gz,0.9223,0.8795,0.8668,1.0,1.0,1.0
530,BRATS_22020.nii.gz,0.8714,0.8396,0.8224,1.0,1.4140000000000001,2.2359999999999998
531,BRATS_22021.nii.gz,0.87,0.8351,0.8592,1.0,1.0,1.0
532,BRATS_22025.nii.gz,0.9017,0.8764,0.8755,1.0,1.0,1.0
533,BRATS_22027.nii.gz,0.8791,0.8471,0.9068,1.0,1.0,1.0
534,BRATS_22181.nii.gz,0.7222,0.7222,1.0,3.6060000000000003,3.6060000000000003,0.0
535,BRATS_22350.nii.gz,0.909,0.8701,0.871,1.0,1.0,1.0
536,BRATS_22351.nii.gz,0.9172,0.8821,0.8793,1.0,1.0,1.0
537,BRATS_22361.nii.gz,0.9498,0.8976,0.898,0.65,1.0,1.0
538,BRATS_22363.nii.gz,0.9567,0.9062,0.8947,0.0,1.0,1.0
539,BRATS_22512.nii.gz,0.9197,0.85,0.0,1.0,1.0,373.129
540,BRATS_22520.nii.gz,0.9418,0.862,0.8,1.0,1.0,2.0
541,BRATS_22524.nii.gz,0.9495,0.9055,0.9211,0.9,1.0,1.0
542,BRATS_22530.nii.gz,0.9539,0.8908,0.9506,0.0,1.0,0.0
543,BRATS_22680.nii.gz,0.9566,0.8967,0.8999,0.0,1.0,1.0
544,BRATS_22681.nii.gz,0.962,0.9128,0.8868,0.0,1.0,1.0
545,BRATS_22697.nii.gz,0.9562,0.9041,0.9107,0.0,1.0,1.0
546,BRATS_22850.nii.gz,1.0,1.0,1.0,0.0,0.0,0.0
547,BRATS_22852.nii.gz,1.0,1.0,1.0,0.0,0.0,0.0
548,BRATS_22858.nii.gz,0.2222,0.2222,1.0,2.059,2.059,0.0
549,BRATS_22863.nii.gz,0.9169,0.9169,1.0,1.0,1.0,0.0
550,BRATS_22866.nii.gz,0.9455,0.9455,1.0,1.0,1.0,0.0
551,BRATS_23018.nii.gz,0.9238,0.9019,0.9799,1.0,1.0,0.0
552,BRATS_23026.nii.gz,0.9073,0.8828,0.9575,1.0,1.0,0.0
553,BRATS_23029.nii.gz,0.8959,0.8771,0.9698,1.0,1.0,0.0
554,BRATS_23033.nii.gz,0.8945,0.8762,0.9624,1.0,1.0,0.0
555,BRATS_23035.nii.gz,0.8694,0.8593,0.9542,1.4140000000000001,2.0,0.0
556,BRATS_23193.nii.gz,0.9474,0.9108,0.9068,1.0,1.0,1.0
557,BRATS_23196.nii.gz,0.9318,0.8954,0.9098,1.0,1.0,1.0
558,BRATS_23353.nii.gz,0.9387,0.9085,0.9563,1.0,1.0,0.0
559,BRATS_23358.nii.gz,0.9301,0.8947,0.9545,1.0,1.0,0.0
560,BRATS_23359.nii.gz,0.9292,0.8935,0.9443,1.0,1.0,1.0
561,BRATS_23361.nii.gz,0.9242,0.9005,0.9656,1.0,1.0,0.0
562,BRATS_23362.nii.gz,0.9247,0.902,0.9657,1.0,1.0,0.0
563,BRATS_23366.nii.gz,0.9331,0.9197,0.9513,1.0,1.0,0.0
564,BRATS_23370.nii.gz,0.9234,0.9286,0.9771,1.0,1.0,0.0
565,BRATS_23521.nii.gz,0.965,0.9557,0.9752,0.0,0.0,0.0
566,BRATS_23531.nii.gz,0.9706,0.9632,0.9753,0.0,0.0,0.0
567,BRATS_23533.nii.gz,0.9648,0.9583,0.963,0.0,0.0,0.0
568,BRATS_23691.nii.gz,0.9614,0.9155,0.9653,0.0,1.0,0.0
569,BRATS_23693.nii.gz,0.9626,0.9275,0.9476,0.0,1.0,1.0
570,BRATS_23695.nii.gz,0.9619,0.895,0.9016,0.0,1.0,1.0
571,BRATS_23700.nii.gz,0.9314,0.918,0.7473,1.0,1.0,4.055
572,BRATS_23701.nii.gz,0.8714,0.8486,0.8889,1.0,1.0,1.0
573,BRATS_23703.nii.gz,0.8444,0.8415,0.9381,1.0,1.0,1.0
574,BRATS_23860.nii.gz,0.0,0.0,1.0,373.129,373.129,0.0
575,BRATS_23862.nii.gz,1.0,1.0,1.0,0.0,0.0,0.0
576,BRATS_23864.nii.gz,1.0,1.0,1.0,0.0,0.0,0.0
577,BRATS_24029.nii.gz,0.8333,0.8333,1.0,1.0,1.0,0.0
578,BRATS_24036.nii.gz,0.8571,0.7668,0.7586,1.0,2.0,1.062
579,BRATS_24039.nii.gz,0.9505,0.9073,0.7887,0.0,1.0,2.699
580,BRATS_24194.nii.gz,0.9476,0.7851,0.7678,1.0,1.4140000000000001,1.0
581,BRATS_24200.nii.gz,0.9578,0.8838,0.8277,0.0,1.0,1.0
582,BRATS_24206.nii.gz,0.9066,0.893,0.0,1.0,1.0,373.129
583,BRATS_24211.nii.gz,0.8527,0.8514,0.0,1.4140000000000001,1.4140000000000001,373.129
584,BRATS_24362.nii.gz,0.6527,0.6527,1.0,16.0,16.0,0.0
585,BRATS_24370.nii.gz,0.9339,0.9192,0.9435,1.0,1.0,1.0
586,BRATS_24379.nii.gz,0.9315,0.9173,0.9529,1.0,1.0,0.0
587,BRATS_24529.nii.gz,0.9631,0.9237,0.9425,0.0,1.0,1.0
588,BRATS_24543.nii.gz,0.9644,0.9105,0.9068,0.0,1.0,1.0
589,BRATS_24699.nii.gz,0.8288,0.8288,1.0,1.0,1.0,0.0
590,BRATS_24704.nii.gz,0.8491,0.8491,1.0,1.311,1.311,0.0
591,BRATS_24715.nii.gz,1.0,1.0,1.0,0.0,0.0,0.0
592,BRATS_24864.nii.gz,0.9358,0.8344,0.8635,1.0,1.0,1.0
593,BRATS_24865.nii.gz,0.9671,0.8889,0.9067,0.0,1.0,1.0
594,BRATS_24872.nii.gz,0.9639,0.8829,0.9345,0.0,1.0,1.0
595,BRATS_24879.nii.gz,0.971,0.9393,0.9723,0.0,1.0,0.0
596,BRATS_24883.nii.gz,0.9291,0.9108,0.9548,1.0,1.0,0.0
597,BRATS_25032.nii.gz,0.938,0.9052,0.9146,1.0,1.0,1.0
598,BRATS_25033.nii.gz,0.9352,0.9094,0.9418,1.0,1.0,1.0
599,BRATS_25035.nii.gz,0.9265,0.9091,0.9655,1.0,1.0,0.0
600,BRATS_25042.nii.gz,0.9567,0.9539,0.9866,0.0,0.0,0.0
601,BRATS_25046.nii.gz,0.9545,0.9531,0.9674,0.0,0.0,0.0
602,BRATS_25051.nii.gz,0.9249,0.9205,0.9299,1.0,1.0,1.0
603,BRATS_25201.nii.gz,0.9088,0.8493,0.907,1.0,1.0,1.0
604,BRATS_25202.nii.gz,0.9095,0.853,0.9121,1.0,1.0,1.0
605,BRATS_25203.nii.gz,0.9246,0.8691,0.9171,1.0,1.0,1.0
606,BRATS_25209.nii.gz,0.9168,0.8772,0.9384,1.0,1.0,1.0
607,BRATS_25219.nii.gz,0.804,0.7984,0.6842,3.162,3.162,1.537
608,BRATS_25368.nii.gz,1.0,1.0,1.0,0.0,0.0,0.0
609,BRATS_25373.nii.gz,1.0,1.0,1.0,0.0,0.0,0.0
610,BRATS_25374.nii.gz,1.0,1.0,1.0,0.0,0.0,0.0
611,BRATS_25375.nii.gz,0.0,0.0,1.0,7.06,7.06,0.0
612,BRATS_25377.nii.gz,0.4348,0.4348,1.0,5.001,5.001,0.0
613,BRATS_25378.nii.gz,0.8485,0.8485,1.0,2.094,2.094,0.0
614,BRATS_25539.nii.gz,0.9618,0.9415,0.9391,0.0,1.0,1.0
615,BRATS_25543.nii.gz,0.9557,0.9445,0.9558,0.0,1.0,0.0
616,BRATS_25544.nii.gz,0.962,0.9474,0.9464,0.0,1.0,1.0
617,BRATS_25707.nii.gz,0.7207,0.7273,1.0,2.6180000000000003,3.162,0.0
618,BRATS_25711.nii.gz,0.8056,0.8056,1.0,1.0,1.0,0.0
619,BRATS_25717.nii.gz,0.8291,0.7889,0.7455,1.0,1.0,1.4140000000000001
620,BRATS_25872.nii.gz,0.9406,0.8887,0.7682,1.0,1.0,1.4140000000000001
621,BRATS_25873.nii.gz,0.9454,0.8811,0.8305,1.0,1.0,1.0
622,BRATS_25878.nii.gz,0.9496,0.9055,0.9079,0.8,1.0,1.0
623,BRATS_25880.nii.gz,0.9545,0.9147,0.8913,0.0,1.0,1.0
624,BRATS_25881.nii.gz,0.9546,0.9124,0.8981,0.0,1.0,1.0
625,BRATS_25883.nii.gz,0.9598,0.901,0.8497,0.0,1.0,1.0
626,BRATS_26208.nii.gz,1.0,1.0,1.0,0.0,0.0,0.0
627,BRATS_26210.nii.gz,0.0,0.0,0.0,373.129,373.129,373.129
628,BRATS_26221.nii.gz,1.0,1.0,1.0,0.0,0.0,0.0
629,BRATS_26382.nii.gz,0.9511,0.9511,1.0,0.0,0.0,0.0
630,BRATS_26393.nii.gz,0.9545,0.9545,1.0,0.0,0.0,0.0
631,BRATS_26395.nii.gz,0.9444,0.9444,1.0,1.0,1.0,0.0
632,BRATS_26544.nii.gz,0.8754,0.7883,0.9682,10.129,11.402000000000001,0.0
633,BRATS_26554.nii.gz,0.9181,0.89,0.9915,1.0,1.0,0.0
634,BRATS_26557.nii.gz,0.8055,0.7854,0.8913,1.4140000000000001,1.883,1.0
635,BRATS_26560.nii.gz,0.8288,0.7916,0.9468,1.4140000000000001,1.4140000000000001,0.65
636,BRATS_26563.nii.gz,0.8647,0.8107,0.9441,1.4140000000000001,1.4140000000000001,1.0
637,BRATS_26715.nii.gz,0.9002,0.902,0.8852,1.0,1.0,1.0
638,BRATS_26716.nii.gz,0.8644,0.8662,0.8824,1.0,1.0,1.0
639,BRATS_26728.nii.gz,1.0,1.0,1.0,0.0,0.0,0.0
640,BRATS_26729.nii.gz,1.0,1.0,1.0,0.0,0.0,0.0
641,BRATS_26883.nii.gz,0.7082,0.71,0.0,1.4140000000000001,1.4140000000000001,373.129
642,BRATS_26887.nii.gz,0.7365,0.7365,1.0,1.4140000000000001,1.4140000000000001,0.0
643,BRATS_26891.nii.gz,0.7385,0.7385,1.0,1.4140000000000001,1.4140000000000001,0.0
644,BRATS_27049.nii.gz,0.949,0.9224,0.9398,1.0,1.0,1.0
645,BRATS_27052.nii.gz,0.9642,0.9391,0.933,0.0,1.0,1.0
646,BRATS_27053.nii.gz,0.9615,0.9347,0.914,0.0,1.0,1.0
647,BRATS_27057.nii.gz,0.9555,0.9403,0.9446,0.0,1.0,1.0
648,BRATS_27065.nii.gz,0.9306,0.926,0.8932,1.0,1.0,1.0
649,BRATS_27067.nii.gz,0.8243,0.8233,0.8462,2.2359999999999998,2.799,1.0
650,BRATS_27220.nii.gz,0.9777,0.9677,0.9465,0.0,0.0,1.0
651,BRATS_27227.nii.gz,0.95,0.9485,0.9437,0.05,1.0,0.95
652,BRATS_27392.nii.gz,0.24,0.1667,1.0,2.2359999999999998,2.2359999999999998,0.0
653,BRATS_27397.nii.gz,0.6238,0.6238,0.7273,2.8280000000000003,2.8280000000000003,1.0
654,BRATS_27400.nii.gz,0.7398,0.7419,0.8621,2.2359999999999998,2.2359999999999998,1.0
655,BRATS_27401.nii.gz,0.75,0.7469,0.8738,5.385,5.385,1.0
656,BRATS_27403.nii.gz,0.7393,0.7314,0.9114,10.0,10.017000000000001,1.0
657,BRATS_27553.nii.gz,0.8413,0.8413,1.0,1.0,1.0,0.0
658,BRATS_27556.nii.gz,0.865,0.865,1.0,1.4140000000000001,1.4140000000000001,0.0
659,BRATS_27557.nii.gz,0.881,0.881,1.0,1.0,1.0,0.0
660,BRATS_27558.nii.gz,0.8829,0.8829,1.0,1.0,1.0,0.0
661,BRATS_27565.nii.gz,0.9056,0.9056,1.0,1.0,1.0,0.0
662,BRATS_27567.nii.gz,0.9158,0.8933,0.0,1.0,1.0,373.129
663,BRATS_27720.nii.gz,0.8379,0.7933,0.785,1.4140000000000001,2.0,1.7
664,BRATS_27727.nii.gz,0.8389,0.8403,1.0,1.0,1.0,0.0
665,BRATS_27728.nii.gz,0.869,0.8643,1.0,1.0,1.0,0.0
666,BRATS_27895.nii.gz,0.9066,0.8928,0.9149,1.0,1.0,1.0
667,BRATS_27906.nii.gz,0.8655,0.8655,1.0,1.0,1.0,0.0
668,BRATS_27907.nii.gz,0.7942,0.7855,1.0,2.0,2.0,0.0
669,BRATS_28057.nii.gz,0.9766,0.8727,0.8095,0.0,1.0,1.0
670,BRATS_28067.nii.gz,0.9809,0.8802,0.8434,0.0,1.0,5.5
671,BRATS_28072.nii.gz,0.9808,0.8856,0.8806,0.0,1.0,1.0
